{"cameraMode":{"drawMode":0,"name":"Shaded","section":"Shading Mode"},"sceneLighting":true,"audioPlay":false,"sceneViewState":{"m_AlwaysRefresh":false,"showFog":true,"showSkybox":false,"showFlares":true,"showImageEffects":true,"showParticleSystems":true,"showVisualEffectGraphs":true,"m_FxEnabled":true},"in2DMode":false,"pivot":{"x":104.22200012207031,"y":42.575538635253909,"z":424.0621337890625},"rotation":{"x":-0.007766398601233959,"y":0.9909250140190125,"z":-0.11351373046636582,"w":-0.07338237017393112},"size":3.7738819122314455,"orthographic":false}